decision_id,case_number,case_year,decision_date,decision_year,decision_month,court,court_seat,formation,chamber_number,president,chamber_presidents,counselors,n_counselors,bench_size,prosecutor,clerk,origin_court,origin_city,subject_matter,outcome,title,n_pages,n_chars,extraction_method,ocr_agreement,source_url,sha256,pdf_path,txt_path,flags
002,2002,2016,2016-03-10,2016,03,محكمة التعقيب,تونس,دائرة,13,نائلة مظفر,,اسيا العياري؛رفيقة النابلي,2,3,سميرة الحويوي,جميلة مسعود,محكمة الاستئناف بتونس,تونس,احوال شخصية,نقض؛إحالة؛قبول,الخروج إن لم يدفع الكراء التجاري . استعجالي,6,6713,ocr,0.073,http://www.cassation.tn/fileadmin/user_upload/002.pdf,fa533770c3bf0549f1cfdcdb050f9a529c530750742546909f7a6af05ff63be5,decisions/pdf/002.pdf,decisions/txt/002.txt,case_number_mismatch:file=002
20918-18,20918,2015,2018-06-28,2018,06,محكمة التعقيب,تونس,الدوائر المجتمعة,,الهادي القديري,الهادي العياري؛نازك كادة البشير المطوي؛ماجدة بن غربية؛رجاء الفخفاخ؛وسيلة الكعبي؛الحبيب بالحاج؛نعيمة رحيم عادل الاندلسي؛لمياء الحمامي؛شادية الصافى؛كمال مصطفى العلانى؛كوثر السعدي؛جمال المستيري؛منيرة النحالى؛جميل بن عياد؛لطيفة البغدادي؛سلوى النهدي؛المنجى شلغوم؛بديع بن عباس؛مفيدة الصولي؛راضية المنتصر؛امال عباسي؛ماجدة الفهري؛ريم منية البحري؛عبلك الباسط خالدي؛ابراهيم الحرباوي؛زيئب لغلوغ؛عفاف عالشيخ؛رجاء بوسمة؛سعاد شبار؛امال العرفاوي؛ثريا الداهمش؛سامى الداهمش؛اسيا العياري؛ايماك الشرفى؛مفيدة الطلحاوي؛بلقاسم كعوان؛سميرة الحويوي؛بسمة بودل؛سنية الدبابى؛سهام الشاهد,,0,41,شكري التريكي,عفاف الحاجى,محكمة الاستئناف بتونس,تونس,مدني,نقض؛إحالة؛رفض؛قبول,تحكيم-إفشاء سرية المفاوضة,12,13125,ocr,0.93,http://www.cassation.tn/fileadmin/user_upload/20918-18.pdf,d41cf7e115bd1c805094e84403686912b3ca0bb149b2ba5a2614e0dbd4daa3be,decisions/pdf/20918-18.pdf,decisions/txt/20918-18.txt,bench_not_separated
28620-18,28620,2018,2018-06-28,2018,06,محكمة التعقيب,تونس,الدوائر المجتمعة,,الهادي القديري,الهادي العياري؛نازك كادة؛المنصف الكشو؛البشير المطوي؛رجاء الفخفاخ؛وسيلة الكعبي؛الحبيب بلحاج؛نعيمة رحيم؛عادل الاندلسي؛لمياء الحمامي؛سارة العياري؛شادية الصافي؛كمال مصطفى العلاني؛كوثر السعدي؛جمال المستيري؛منيرة النحالي؛جميل بن عياد؛لطيفة البغدادي؛سلوى النهدي؛روضة اوبيش؛محمد كمال دويك,مفيدة الصولي؛سهام الشاهد؛راضية المنتصر؛امال عباسي؛عبد الباسط الخالي؛زينب لغلوغ؛رجاء بوسمة_؛بديع بن عباس_ثريا الداهش_؛سميرة الحويوي؛امدل العرفاوي؛بسمة بودن؛مفيدة الطلحاوي؛سنية الدبابي؛ماجدة الفهري؛حاتم بن جماعة_بلقاسم كعوان؛سعاد شبار؛عفاف عالشيخ؛ايمان الشرفي؛ااسيا العياري؛ريم منية البحري,20,42,شكري التريكي,عفاف الحاجي,محكمة الاستئناف بالمنستير,المنستير,مدني,نقض؛إحالة؛قبول,انقضاء عقد التأمين,7,10873,ocr,0.911,http://www.cassation.tn/fileadmin/user_upload/28620-18.pdf,aab0e62bc4bf08e7020362c3f21b53f14436129976178d2a30479a79a9a6b40d,decisions/pdf/28620-18.pdf,decisions/txt/28620-18.txt,
398-18,398,2018,2018-06-28,2018,06,محكمة التعقيب,تونس,الدوائر المجتمعة,,الهادي القديري,الهادي العياري؛نازك كادة؛البشير المطوي؛ماجدة بن غربية؛رجاء الفخفاخ؛وسيلة الكعبي؛الحبيب بالحاج؛نعيمة رحيم؛عادل الاندلسي؛لمياء الحمامي؛سارة العياري؛شادية الصافي؛كمال مصطفى العلاني؛كوثر السعدي؛جمال المستيري؛منيرة النحالي؛جميل بن عياد؛لطيفة البغدادي؛سلوى النهدي؛المنجي شلغوم؛روضة اوبيش؛محمد كمال دويك,حاتم بن جماعة؛بديع بن عباس؛مفيدة الصولي؛راضية المنتصر؛امال عباسي؛ماجدة الفهري؛ريم منية البحري؛زينب لغلوغ؛عفاف عالشيخ؛رجاء بوسمة؛سعاد شبارء امال العرفاوي؛ثريا الداهش؛سامي الداهشء؛اسيا العياري؛ايمان الشرفي؛مفيدة الطلحاوي؛بلقاسم كعوان؛سميرة الحويوي؛بسمة بودن؛سنية الدبابي؛سهام الشاهد,21,44,شكري التريكي,عفاف الحاجى,المحكمة الابتدائية بتونس,تونس,مدني,قبول,خطأ بين-بداية عد أجل تقديم الوثائق,7,6791,ocr,0.905,http://www.cassation.tn/fileadmin/user_upload/398-18.pdf,ac3ce6b9951aed782638b4111db98b3de44cbc859d90a4d56d07f35260087743,decisions/pdf/398-18.pdf,decisions/txt/398-18.txt,
47234-18,47234,2018,2018-06-28,2018,06,محكمة التعقيب,تونس,الدوائر المجتمعة,,الهادي القديري,الهادي العياري؛نازك كادة؛المنصف الكشو_البشير المطوي؛رجاء الفخفاخ؛وسيلة الكعبي؛الحبيب بلحاج؛نعيمة رحيم؛عادل الاندلسي؛لمياء الحمامي؛سارة العياري؛شادية الصافي_كمال مصطفى العلاني؛كوثر السعدي؛جمال المستيري؛منيرة النحالي؛جميل بن عياد؛سلوى النهدي؛_المنجي شلغوم؛روضة اوبيش_؛محمد كمال دويك,مفيدة الصولي؛سهام الشاهد؛راضية المنتصر؛امال عباسي؛عبد الباسط الخالي؛زينب لغلوغ؛رجاء بوسمة؛اامل العرفاوي؛بسمة بودن؛مفيدة الطلحاوي؛سنية الدبابي؛ابراهيم الحرباوي؛ماجدة الفهري؛حاتم بن جماعة_؛بلقاسم كعوان؛سعاد شبار_؛عفاف عالشيخ؛ايمان الشرفي_؛اسيا العياري؛ريم منية البحري,20,40,شكري التريكي,عفاف الحاجي,محكمة الاستئناف بالمنستير,المنستير,مدني,رفض؛قبول,مرور-الصلح مع الصندوق,17,25078,ocr,0.93,http://www.cassation.tn/fileadmin/user_upload/47234-18.pdf,cfc70c53e72f3eff4dd16dbcc29b876028706c74df0813a54d0fe1a283bdb28c,decisions/pdf/47234-18.pdf,decisions/txt/47234-18.txt,
39843-17,39843,2017,2018-10-25,2018,10,محكمة التعقيب,تونس,الدوائر المجتمعة,,الهادي العياري,نازك كاده؛البشير المطوي؛ماجدة بن غربية؛وسيلة التليلي؛عادل الاندلسي؛لمياء الحمامي؛عبد المجيد بوريقة؛سارة العياري؛جليلة نصر الله؛كمال مصطفى العلاني؛كوثر السعدي؛جمال المستيري؛منيرة النحالي؛حياة البصلي؛لطيفة البغدادي؛سلوى النهدي؛المنجي شلغوم؛روضة اوبيش؛محمد كمال؛المنذر الشتيوي؛حاتم بن عجال؛رياض الموحلي؛رياض الامام؛جلال الدين بوكتيف؛المنصف بالحاج علي؛ريم منية البحري؛رضا العرعوري,هندة العلاقي؛احمد الغالي؛صالحة النحالي؛سميرة الحويوي؛محمد الورهاني؛ابراهيم الغرياني؛امال العرفاوي؛كوثر الشريفي؛فاتن خير الله؛حليمة النيال؛رجاء بوسمة؛عادل الاخضر؛بسمة بودن؛توفيق سويدي؛هالة البجار؛سهام الشاهد؛رجاء الخضراوي؛بسمة العبساوي؛عبد الباسط الخالدي؛عبلة بن شعبان؛نجلاء المصمودي؛انور المليح؛الازهر العوامري؛ماهر كريشان؛فاخر بركات؛زينب لغلول؛الهام البناني؛ماهر كنو؛ابراهيم الحرباوي؛ابراهيم الغرياني؛رشيد الشيحاوي؛حاتم بن جماعة؛نجيب العرعوري؛عماد الدغاري؛بديع بن عباس,35,63,شكري التريكي,عفاف الحاجي,محكمة الاستئناف بتونس,تونس,مدني,رفض؛قبول,تقادم دعوى البطلان,10,15715,text-layer,0.946,http://www.cassation.tn/fileadmin/user_upload/39843-17.pdf,32429225510d91d08551f4bee4d34f6e79082eb4192e349d1ff4197921458180,decisions/pdf/39843-17.pdf,decisions/txt/39843-17.txt,
44803,44803,,2019-01-10,2019,01,محكمة التعقيب,تونس,الدوائر المجتمعة,,الطيب راشد,الهادي العياري؛البشير المطوي؛ماجدة بن غربية؛ماهر كريشان؛نعيمة رحيم؛وسيلة التليلي؛عادل الاندلسي؛عبد المجيد بوريقة؛سارة العياري؛جليلة نصر الله؛كمال مصطفى العلاني؛كوثر السعدي؛جمال المستيري؛منيرة النحالي؛عبد الرزاق الباهوري؛المنصف الكشو؛حياة البصلي؛لطيفة البغدادي؛سلوى النهدي؛المنجي شلغوم؛روضة اوبيش؛محمد كمال؛حاتم بن عجال؛زهرة السلامي؛رياض الموحلي؛رياض الامام؛جلال الدين بوكتيف,ا نور المليح؛فاخر بركات؛ز ينب لغلول؛ر جاء بوسمة؛حاتم بن جماعة؛عبلة بن شعبان؛بديع بن عباس؛احمد الغالي؛عفاف عالشيخ؛راضية المنتصر؛مريم البكوش؛ا سيا العياري؛سميرة الحويوي؛نجيب العرعوري؛هندة العلاقي؛ابراهيم الحرباوي؛محمد الورهاني؛رؤوف ملكي؛ابراهيم الغرياني؛صالح ابن الحاج؛امال العرفاوي؛مفيدة المداني؛عادل بوصفارة؛بلقاسم كعوان؛رشيد الشيحاوي؛فاتن خير الله؛عادل الاخضر؛بسمة بودن؛فيق سويدي؛هالة البجار؛امال المالكي؛علية القاطري,32,60,منتصر بن سفطة,عفاف الحاجي,محكمة الاستئناف بالكاف,الكاف,مدني,رفض,قرار تعقيبي عدد 44803 بتاريخ 14-02-2019 صحة تعهد الدوائر المجتمعة,9,12917,text-layer,0.931,http://www.cassation.tn/fileadmin/user_upload/44803.pdf,02620c3a98faa7740241552a697ec639f3ed689d3c91f857258ae5623edc436d,decisions/pdf/44803.pdf,decisions/txt/44803.txt,date_mismatch:title=2019-02-14
28474,28474,,2019-02-14,2019,02,محكمة التعقيب,تونس,الدوائر المجتمعة,,الطيب راشد,نازك كادة؛كمال مصطفى العلاني؛نعيمة رحيم؛المنصف الكشو؛كوثر السعدي؛لطيفة البغدادي؛سارة العياري؛ماهر كنو؛سلوى النهدي؛ماجدة بن غربية؛ماه ر كريشان؛منيرة النحالي؛جلال الدين بوكتيف؛وسيلة التليلي؛روضة اوبيش؛ا سيا العياري؛حياة البصلي؛عبلة بن شعبان؛جليلة نصر الله؛عبد الباسط الخالدي؛عادل الاندلسي؛رياض الامام؛رياض الموحلي؛جمال المستيري؛لمياء الحمامي؛زهرة السلامي؛محمد كمال دويك,انور المليح؛فاخر بركات؛زينب لغلوغ؛رجاء بوسمة؛حاتم بن جماعة؛بديع بن عباس؛عفاف عالشيخ؛راضية المنتصر؛نجيب العرعوري؛وريدة الغربي؛مفيدة المداغي؛سامية القطاري؛رؤوف ملكي؛سميرة الحويوي؛ريم منية البحري؛عبد الرزاق الباهوري؛هندة العلاقي؛احمد الغالي؛صالحة النحالي؛محمد الورهاني؛ابراهيم الغرياني؛امال العرفاوي؛فاتن خير الله؛نجلاء المصمودي؛عادل الاخضر؛بسمة بودن؛هالة البجار؛سهام الشاهد؛بسمة العبساوي,29,57,شكر ي التريكي,عفاف الحاجي,محكمة الاستئناف بنابل,نابل,مدني,نقض؛إحالة؛قبول,قرار تعقيبي عدد 28474 الفسخ- الأجل المعقول,10,18047,text-layer,0.97,http://www.cassation.tn/fileadmin/user_upload/28474.pdf,f36fdd6b5b10a2ba875ccd705480e5b595c187bd784408a58f8672e241072d52,decisions/pdf/28474.pdf,decisions/txt/28474.txt,
38085,38085,,2019-02-14,2019,02,محكمة التعقيب,تونس,الدوائر المجتمعة,,الطيب راشد,نازو كادة؛كمال مصطفى العلاني؛نعيمة رحيم؛المنصف الكشو؛كوثر السعدي؛لطيفة البغدادي؛سارة العياري؛ماهر كنو؛سلوى النهدي؛ماجدة بن غربية؛ماهر كريشان؛منيرة النحالي؛جلال الدين بوك تيف؛وسيلة التليلي؛روضة اوبيش؛اسيا العياري؛حياة البصلي؛عبلة بن شعبان؛جليلة نصر الله؛عبد الباسط الخالدي؛عادل الاندلسي؛رياض الامام؛رياض الموحلي؛جمال المستيري؛لمياء الحمامي؛زهرة السلامي؛محمد كمال دويك,انور المليح؛فاخر بركات؛زينب لغلوغ؛رجاء بوسمة؛حاتم بن جماعة؛بديع بن عباس؛عفاف عالشيخ؛راضية المنتصر؛نجيب العرعوري؛وريدة الغربي؛مفيدة المداغي؛سامية القطاري؛رؤوف ملكي؛سميرة الحويوي؛ريم منية البحري؛عبد الرزاق الباهوري؛هندة العلاقي؛احمد الغالي؛صالحة النحالي؛محمد الورهاني؛ابراهيم الغري اني؛امال العرفاوي؛فاتن خير الله؛نجلاء المصمودي؛عادل الاخضر؛بسمة بودن؛هالة البجا ر؛سهام الشاهد؛بسمة العبساوي,29,57,شكري التريكي,عفاف الحاجي,محكمة الاستئناف بتونس,تونس,عقاري,رفض؛قبول,قرار تعقيبي عدد 38085 بتاريخ 14-02-2019 بيع ملك الغير-حسن النية-التشطيب-قيد إحتياطي,13,22004,text-layer,0.949,http://www.cassation.tn/fileadmin/user_upload/38085.pdf,2b00bccd51da1bbe536bb8102ac40c7a32936a08e52d8c6eaf8b898fc6467855,decisions/pdf/38085.pdf,decisions/txt/38085.txt,
406,406,,2019-02-14,2019,02,محكمة التعقيب,تونس,الدوائر المجتمعة,,الطيب راشد,نازك كادة؛البشير المطوي؛كمال مصطفى العلاني؛نعيمة رحيم؛المنصف الكشو؛كوثر السعدي؛لطيفة الب غدادي؛سارة العياري؛ماجدة بن غربية؛ماهر كريشان؛منيرة النحالي؛سلوى النهدي؛جلال الدين بوكتيف؛وسيلة التليلي؛روضة اوبيش؛جمال المستيري؛اسيا العياري؛حياة البصلي؛عبلة بن شعبان؛جليلة نصر الله؛حاتم بن عجال؛المنجي شلغوم؛عادل الاندلسي؛رياض الامام؛رياض الموحلي؛لمياء الحمامي؛زهرة السلامي؛محمد كمال,ماهر كنو؛عبد الباسط الخالدي؛انور المليح؛فاخر بركات؛زينب لغلوغ؛رجاء بوسمة؛حاتم بن جماعة؛بديع بن عباس؛عفاف عالشيخ؛راضية المنتصر؛نجيب العرعوري؛وريدة الغربي؛مفيدة المداغي؛سامية القطاري؛رؤوف ملكي؛سميرة الحويوي؛ريم منية البحري؛عبد الرزاق الباهوري؛هندة العلاقي؛احمد الغالي؛صالحة النحالي؛محمد الورهاني؛ابراهيم الغرياني؛امال العرفاوي؛فاتن خير الله؛نجلاء المصمودي؛عادل الاخضر؛بسمة بودن؛هالة البجار؛سهام الشاهد؛بسمة العبساوي,31,60,شكري التريكي,عفاف الحاجي,المحكمة الابتدائية بتونس,تونس,مدني,قبول,قرار تعقيبي عدد 406 بتاريخ 14-02-2019 سبق النظر في الموضوع-الحياد الموضوعي,5,7848,text-layer,0.941,http://www.cassation.tn/fileadmin/user_upload/406.pdf,a00d03409c7177e53f0470a70c63fa994316b7956fd5eec6b4a1ed8e73ea2de1,decisions/pdf/406.pdf,decisions/txt/406.txt,
416,416,,2019-02-14,2019,02,محكمة التعقيب,تونس,الدوائر المجتمعة,,الطيب راشد,نازك كادة؛البشير المطوي؛كمال مصطفى العلاني؛نعيمة رحيم؛المنصف الكشو؛كوثر السعدي؛لطيفة البغدادي؛سارة العياري؛ماهر كنو؛سلوى النهدي؛ماجدة بن غربية؛ماهر كريشان؛منيرة النحالي؛جلال الدين بوك تيف؛وسيلة التليلي؛روضة اوبيش؛ا سيا العياري؛حياة البصلي؛عبلة بن شعبان؛جليلة نصر الله؛عبد الباسط الخالدي؛عادل الاندلسي؛رياض الامام؛رياض الموحلي؛جمال المستيري؛لمياء الحمامي؛زهرة السلامي؛محمد كمال دويك,انور المليح؛فاخر بركات؛زينب لغلوغ؛رجاء بوسمة؛حاتم بن جماعة؛بديع بن عباس؛عفاف عالشيخ؛راضية المنتصر؛نجيب العرعوري؛وريدة الغربي؛مفيدة المداغي؛سامية القطاري؛رؤوف ملكي؛ريم منية البحري؛عبد الرزاق الباهوري؛هندة العلاقي؛احمد الغالي؛صالحة النحالي؛محمد الورهاني؛ابراهيم الغرياني؛فاتن خير الله؛نجلاء المصمودي؛عادل الاخضر؛بسمة بودن؛هالة البجا ر؛سهام الشاهد؛بسمة العبساوي,27,56,شكري التريكي,عفاف الحاجي,محكمة الاستئناف بالكاف,الكاف,جزائي,قبول,قرار تعقيبي عدد 416 بتاريخ 14-02-2019 خطأ بين جزائي-مستندات الطعن لا تُبلغ إلا للمعقب ضدهم,5,5882,text-layer,0.964,http://www.cassation.tn/fileadmin/user_upload/416.pdf,bf7d39afeea0dd1419638be8baf09da76457a65535c1a7c37c9f8fb0d5da661f,decisions/pdf/416.pdf,decisions/txt/416.txt,
42050,42050,,2019-02-14,2019,02,محكمة التعقيب,تونس,الدوائر المجتمعة,,الطيب راشد,نازك كادة؛البشير المطوي؛كمال مصطفى العلاني؛نعيمة رحيم؛المنصف الكشو؛كوثر السعدي؛لطيفة البغدادي؛سارة العياري؛ماهر كنو؛سلوى النهدي؛ماجدة بن غربية؛ماهر كريشان؛منيرة النحالي؛جلال الدين بوكتيف؛وسيلة التليلي؛روضة اوبيش؛اسيا العياري؛حياة البصلي؛عبلة بن شعبان؛جليلة نصر الله؛عبد الباسط الخالدي؛عادل الاندلسي؛رياض الامام؛ر ياض الموحلي؛جمال المستيري؛لمياء الحمامي؛زهرة السلامي؛محمد كمال دويك,انور المليح؛فاخر بركات؛زينب لغلوغ؛رجاء بوسمة؛حاتم بن جماعة؛بديع بن عباس؛عفاف عالشيخ؛راضية المنتصر؛نجيب العرعوري؛وريدة الغربي؛مفيدة المداغي؛سامية القطاري؛رؤوف ملكي؛سميرة الحويوي؛ريم منية البحري؛عبد الرزاق الباهوري؛هندة العلاقي؛احمد الغالي؛صالحة النحالي؛محمد الورهاني؛ابراهيم الغرياني؛امال العرفاوي؛فاتن خير الله؛نجلاء المصمودي؛عادل الاخضر؛بسمة بودن؛هالة البجار؛سهام الشاهد؛بسمة العبساوي,29,58,شكري التريكي,عفاف الحاجي,محكمة الاستئناف ببنزرت,بنزرت,جزائي,رفض,قرار تعقيبي عدد 42050 بتاريخ 14-02-2019 رفض التعهد-جزائي- بطلان بيع ما سبق بيعه,10,13480,text-layer,0.965,http://www.cassation.tn/fileadmin/user_upload/42050.pdf,7968026000642fb298d1a71c5ff6635922bbe3bebe32a0bb94d5a4c29065a5c4,decisions/pdf/42050.pdf,decisions/txt/42050.txt,
80654-80653,80653/80654,,2019-04-11,2019,04,محكمة التعقيب,تونس,الدوائر المجتمعة,,محمد كمال دويك,البشير المطوي؛المنصف الكشو؛نعيمة رحيم؛كوثر السعدي؛لطيفة البغدادي؛سارة العياري؛ماجدة بن غربية؛ماهر كريشان؛جلال الدين بوكتيف؛وسيلة التليلي؛روضة اوبيش؛اسيا العياري؛حياة البصلي؛عبلة بن شعبان؛رضا العرعوري؛المنجي شلغوم؛عادل الاندلسي؛رياض الامام؛جمال المستيري؛لمياء الحمامي؛زهرة السلامي؛عبد الرزاق الباهوري,بسمة العبساوي؛مريم البكوش؛ماهر كنو؛مفيدة المداغي؛حمادي الرحماني؛توفيق سويدي؛فاخر بركات؛زينب لغلوغ؛نجيب العرعوري؛امال عباسي؛بديع بن عباس؛ماجدة الرياحي؛حاتم بن جماعة؛عفاف عالشيخ؛توفيق العيوني؛نجلاء المصمودي؛محمد بن مفتاح؛هالة البجار؛فاتن خير الله؛هاجر الشريف؛رجاء بوسمة؛امال العرفاوي؛بلقاسم كعوان؛ابراهيم الغرياني؛سهام الشاهد؛انور المليح؛سرور البرشاني؛سميرة الحويوي؛رشيد الشيحاوي؛ابراهيم الحرباوي,30,53,شكري التريكي,كريمة الغزواني,محكمة الاستئناف بتونس,تونس,جزائي,رفض,قرار تعقيبي عدد 80653-80654دوائر مجتمعة -رفض التعهد,3,4923,text-layer,0.921,http://www.cassation.tn/fileadmin/user_upload/80654-80653.pdf,40438f7a7b8595c4e344a302c5977011784904adb76e6bfef9dd137a44019f0a,decisions/pdf/80654-80653.pdf,decisions/txt/80654-80653.txt,
80956,80956,,2019-04-11,2019,04,محكمة التعقيب,تونس,الدوائر المجتمعة,,محمد كمال دويك,نازك كادة؛البشير المطو؛ي المنصف الكشو؛نعيمة رحيم؛كوثر السعدي؛لطيفة البغد ادي؛سارة العياري؛ماجدة بن غربية؛ماهر كريشان؛جلال الدين بوكتيف؛وسيلة التليلي؛روضة ا؛اسيا العياري؛حياة البصلي؛عبلة بن شعبان؛رضا العرعوري؛المنجي شلغوم؛عادل الاندلسي؛رياض الامام؛جمال المستيري؛لمياء الحمامي؛زهرة السلامي؛عبد الرزاق الباهوري,بسمة العبساوي؛مريم البكوش؛ماهر كنو؛مفيدة المداغي؛حمادي الرحماني؛توفيق سويدي؛فاخر بركات؛زينب لغلوغ؛نجيب العرعوري؛ا مال عباسي؛بديع بن عباس؛ماجدة الرياحي؛حاتم بن جماعة؛عفاف عالشيخ؛توفيق العيوني؛نجلاء المصمودي؛محمد بن مفتاح؛هالة البجار؛فاتن خير الله؛هاجر الشريف؛رجاء بوسمة؛ا مال العرفاوي؛بلقاسم كعوان؛ابراهيم الغرياني؛سهام الشاهد؛ا نور المليح؛سرور البرشاني؛سميرة الحويوي؛رشيد الشيحاوي؛ابراهيم الحرباوي,30,54,شكري التريكي,كريمة الغزواني,محكمة الاستئناف بتونس,تونس,جزائي,إحالة؛قبول,قرار تعقيبي عدد 80956 دوائر مجتمعة - التخلي للصبغة الإرهابية,17,45723,text-layer,0.925,http://www.cassation.tn/fileadmin/user_upload/80956.pdf,ae85d40f1c39c4a5b2de8309bb980c45a13304e6f5ddf852d0e8bafb081fcd0d,decisions/pdf/80956.pdf,decisions/txt/80956.txt,
46252,46252,,2019-06-20,2019,06,محكمة التعقيب,تونس,الدوائر المجتمعة,,الطيب راشد,نازك كادة؛البشير المطوي؛نعيمة رحيم؛المنصف الكشو؛كوثر السعدي؛هاجر المحرزي؛سارة العياري؛عبد المجيد بوريقة؛ماجدة بن غربية؛ماهر كريشان؛منيرة النحالي؛جلال الدين بوكتيف؛روضة اوبيش؛اسيا العياري؛حياة البصلي؛حاتم بن عجال؛المنجي شلغوم؛عادل الاندلسي؛رياض الامام؛لمياء الحمامي؛زهرة السلام؛ي محمد كمال دويك,ح اتم بن جماعة؛بديع بن عباس؛عفاف عالشيخ؛راضية المنتصر؛رضا العرعوري؛وريدة الغربي؛سامية القطاري؛سميرة الحويوي؛ريم منية البحري؛عبد الرزاق الباهوري؛هندة العلاقي؛ايمان الشرفي؛ابراهيم الغرياني؛ا مال العرفا؛زهرة الحجري؛سعاد شبار؛سرور البرشاني؛فات ن خير الله؛هاجر الخالدي؛بسمة بودن؛بسمة العبساوي؛ماهر كنو؛فاخر بركات؛رجاء بوسمة؛ثريا الداه؛ش عبد الباسط الخالدي,26,49,منتصر سفطة,نسرين الطرشاني,محكمة الاستئناف بمدنين,مدنين,جزائي,رفض؛قبول,قرار تعقيبي عدد 46252 بتاريخ 20 جوان 2019 -إثبات جريمة الإساءة للغير عبرالشبكات العمومية للاتصالات-إحالة المحاضر الجزائية المتعلقة بجرائم الاتص,11,13379,text-layer,0.947,http://www.cassation.tn/fileadmin/user_upload/46252.pdf,8bb6c248757b05cc3fca3ff13ba6262c6439d9a157116684d82b5c282612dd2d,decisions/pdf/46252.pdf,decisions/txt/46252.txt,
38565,38565,,2019-07-12,2019,07,محكمة التعقيب,تونس,دائرة,29,رياض الامام,,شكري كمون؛سامي الداهش,2,3,سارة بوطبة,جلال الدين العنتير,المحكمة الابتدائية بجندوبة,جندوبة,جزائي,رفض؛قبول,قرار تعقيبي عدد 38565 بتاريخ 12-07-2019 المحكمة المختصة في جريمة كف شغب عن عقار مسجل,3,4826,text-layer,0.981,http://www.cassation.tn/fileadmin/user_upload/38565.pdf,ef8a40a2020653c6a2097e38b8cb9928120999b5a38dd1b59429c52f34a78f35,decisions/pdf/38565.pdf,decisions/txt/38565.txt,
87861,87861,,2020-06-23,2020,06,محكمة التعقيب,تونس,دائرة,26,المنجي شلغوم,,ابراهيم الحرباوي؛حمادي الرحماني,2,3,عبد الرحمان بن الحاج جلول,هاجر السلطانى,المحكمة الابتدائية بالمنستير,المنستير,جزائي,نقض؛إحالة؛قبول,قرار تعقيبي عدد 87861 بتاريخ 23-06-2020عدم دفع مال النفقة-الإعلام بحكم النفقة يجب أن يكون قانونيا لا فعليا,2,4410,ocr,0.438,http://www.cassation.tn/fileadmin/user_upload/87861.pdf,83ecda20f4e2da9c791b42f5d57c3ae5e300b17746879eb95073709320bc22a9,decisions/pdf/87861.pdf,decisions/txt/87861.txt,
86968,86968,,2020-06-30,2020,06,محكمة التعقيب,تونس,دائرة,26,المنجي شلغوم,,عبد القادر غزال,1,2,عبد الرحمان بن الحاج جلول,هاجر السلطاني,محكمة الاستئناف بنابل,نابل,جزائي,رفض؛قبول,قرار تعقيبي عدد 86968 بتاريخ 30-06-2020ركن الإضمار في جريمة الإعتداء بالعنف الشديد المضمر,3,5324,ocr,0.523,http://www.cassation.tn/fileadmin/user_upload/86968.pdf,60b501766f99da2682b864db529218609904f71e454e0d9dedd2bf751cd6bc2b,decisions/pdf/86968.pdf,decisions/txt/86968.txt,
88085,88085,,2020-06-30,2020,06,محكمة التعقيب,تونس,دائرة,26,المنجي شلغوم,,عبد القادر غزال؛حمادي الرحماني,2,3,عبد الرحمان بن الحاج جلول,هاجر السلطاني,محكمة الاستئناف بالكاف,الكاف,جزائي,نقض؛إحالة؛قبول,قرار تعقيبي عدد 88085 بتاريخ 30-06-2020الإثبات الحر في المادة الجزائية مشروط بموازنة جميع قرائن الإدانة والبراءة,2,3609,ocr,0.619,http://www.cassation.tn/fileadmin/user_upload/88085.pdf,75c111dc3b6a1bbbba8f046ab7343cea8085c6541b61edc7d1690bb941eb66d6,decisions/pdf/88085.pdf,decisions/txt/88085.txt,
90873,90873,,2020-06-30,2020,06,محكمة التعقيب,تونس,دائرة,26,المنجي شلغوم,,عبد القادر غزال؛حمادي الرحماني,2,3,عبد الرحمان بن الحاج جلول,هاجر السلطاني,محكمة الاستئناف بتونس,تونس,جزائي,نقض؛إحالة؛قبول,قرار تعقيبي عدد 90873 بتاريخ 30-06-2020 خلوّ وصف الحكم الإعتراضي بكونه اعتراضي لا تأثير له على صحّته,3,5628,ocr,0.531,http://www.cassation.tn/fileadmin/user_upload/90873.pdf,a07967b5b42c63452d84784b9d65fc27522c8d5889ca480b0abd862d9ca364a1,decisions/pdf/90873.pdf,decisions/txt/90873.txt,
87942,87942,,2020-07-14,2020,07,محكمة التعقيب,تونس,دائرة,26,المنجي شلغوم,,عبد القادر غزال؛حمادي الرحماني,2,3,عبد الرحمان بن الحاج جلول,هاجر السلطاني,محكمة الاستئناف بالمنستير,المنستير,جزائي,نقض؛إحالة؛قبول,قرار تعقيبي عدد 87942 بتاريخ 14-07-2020تعطيل حرية الشغل-طريقة التعطيل,3,5369,ocr,0.526,http://www.cassation.tn/fileadmin/user_upload/87942.pdf,99459e8a52abd59447f93ad90e4062169d68ebe23e4c7c44df6f8ea202fb0c6f,decisions/pdf/87942.pdf,decisions/txt/87942.txt,
13844,13844,,2020-09-29,2020,09,محكمة التعقيب,تونس,دائرة,26,المنجي شلغوم,,ابراهيم الحرباوي؛حمادي الرحماني,2,3,عبد الرحمان بن الحاج جلول,هاجر السلطاني,المحكمة الابتدائية بالمنستير,المنستير,جزائي,رفض؛قبول,قرار تعقيبي عدد 13844 بتاريخ 29-09-2020الإتجار في المشروبات الكحولية بدون رخصة-سلطات الضابطة العدلية في حالة التلبّس,3,7572,ocr,0.497,http://www.cassation.tn/fileadmin/user_upload/13844.pdf,9747059415a59f6d5e95211654b9b05d5cb7612d01add4516731a53e516031bc,decisions/pdf/13844.pdf,decisions/txt/13844.txt,
86710,86710,,2020-09-29,2020,09,محكمة التعقيب,تونس,دائرة,26,المنجي شلغوم,,ابراهيم الحرباوي؛حمادي الرحماني,2,3,عبد الرحمان بن الحاج جلول,هاجر السلطاني,محكمة الاستئناف بالمنستير,المنستير,جزائي,نقض؛إحالة؛قبول,قرار تعقيبي عدد 86710 بتاريخ 29-09-2020مجال نظر محكمة الاستئناف عند تعهدها بطعن القائم بالحق الشخصي وحده,2,3286,ocr,0.51,http://www.cassation.tn/fileadmin/user_upload/86710.pdf,592cd259d3d2fa0fc35a5acbe4b15d0ba10f126f809e71fcb514ea1a7027b141,decisions/pdf/86710.pdf,decisions/txt/86710.txt,
87465,87465,,2020-09-29,2020,09,محكمة التعقيب,تونس,دائرة,26,المنجي شلغوم,,ابراهيم الحرباوي؛حمادي الرحماني,2,3,عبد الرحمان بن الحاج جلول,هاجر السلطانى,المحكمة الابتدائية بتونس,تونس,جزائي,نقض؛إحالة؛قبول,قرارا تعقيبي عدد 87465 بتاريخ 29-09-2020يجب أن يكون الحكم دالا على ثبوت الجريمة أو نفيها بدلالات قاطعة مستمدة مما له أصل ثابت بالملف,2,4465,ocr,0.46,http://www.cassation.tn/fileadmin/user_upload/87465.pdf,eb4d09cf9690517986ac2bde7e6ed0a4b753462fd22ce7d93588debd195260ac,decisions/pdf/87465.pdf,decisions/txt/87465.txt,
68182,68182,2019,2020-10-03,2020,10,محكمة التعقيب,تونس,دائرة,28,المنصف الحاج علي,,,0,1,,,محكمة الاستئناف بصفاقس,صفاقس,جزائي,نقض؛إحالة؛قبول,قرار تعقيبي عدد 68182 بتاريخ 13 أكتوبر 2020 التمييز بين المعطيات الشخصية المحميّة والمعلومات المتصلة بالحياة العامة,5,4376,ocr,0.089,http://www.cassation.tn/fileadmin/user_upload/68182.pdf,550787177539c2139005a48eb5ec06ad5c24aa634ab0e85e445fc561e63932f4,decisions/pdf/68182.pdf,decisions/txt/68182.txt,date_mismatch:title=2020-10-13
2335,2335,,2020-10-06,2020,10,محكمة التعقيب,تونس,دائرة,26,منجي شلغوم,,عبد القادر غزال؛حمادي الرحماني,2,3,عبد الرحمان بن الحاج جلول,هاجر السلطاني,المحكمة الابتدائية بتونس,تونس,جزائي,رفض,قرار تعقيبي عدد 2335 بتاريخ 06-10-2020 لا يحق للنيابة العمومية الطعن بالتعقيب طالما لم تكن طرفا في الحكم الإستئنافي,2,2897,ocr,0.777,http://www.cassation.tn/fileadmin/user_upload/2335.pdf,9beb2cc15a0d83f168876be80b921b5c8d7a70fb133a16b19b8928b872a15e2a,decisions/pdf/2335.pdf,decisions/txt/2335.txt,
54385,54385,,2020-10-06,2020,10,محكمة التعقيب,تونس,دائرة,26,المنجي شلغوم,,عبد القادر غزال؛حمادي الرحماني,2,3,عبد الرحمان بن الحاج جلول,هاجر السلطاني,محكمة الاستئناف بصفاقس,صفاقس,جزائي,رفض؛قبول,قرار تعقيبي عدد 54385 بتاريخ 06-10-2020جريمة التوريد بدون إعلام الناتج عن التنقيص في بضاعة تحت القيد الديواني هي جريمة حينية,3,5128,ocr,0.486,http://www.cassation.tn/fileadmin/user_upload/54385.pdf,7b3839465b4c15873ced0d15330354d9285c0fc856360b46209e901e90952486,decisions/pdf/54385.pdf,decisions/txt/54385.txt,
